driverId,name,ssn,location,certified,wage-plan
10,Katie Dixon,886-12-2767,"7715 Rebecca Light Suite 462
Mindystad, KS 01230",N,hours
11,Jonathan Rivera,355-67-8103,"1339 Patricia Estates Suite 787
West Melanie, UT 79669",Y,miles
12,Samantha Smith,293-38-7256,"00579 Hall Stravenue
Gavinborough, VT 31027",Y,miles
13,Travis Haynes,564-63-9384,"9646 Anderson Cliffs
Danieltown, AR 66304",N,miles
14,Anna Sandoval,810-51-5130,"0158 Kelly Mountain Suite 273
Sandersborough, TX 37988",N,hours
15,Timothy Nguyen,798-93-7407,"0540 Johnson Ways
Port Jenniferberg, RI 25210",Y,hours
16,Bryan Chaney,302-50-2377,"8503 Hodges Pike Suite 043
Robertland, WI 60544",N,hours
17,Andrew Russell,628-37-2505,"957 Garcia Shore
Kimberlyton, IN 53163",N,hours
18,Jasmin Vang,557-76-5883,"Unit 4793 Box 2852
DPO AE 39442",Y,hours
19,Andrew Payne Jr.,610-24-9616,"953 Coleman Springs
Thomasmouth, PW 56671",N,miles
20,Monica Mayo,831-13-8450,"04411 Sean Well
Ramirezland, NC 22292",Y,hours
21,Lacey Oneal,671-07-6989,"4331 Jackson Parkways
Lake Janicemouth, AS 28046",N,hours
22,Amber Thomas,322-60-7508,"PSC 4165, Box 8524
APO AE 91653",Y,hours
23,Jeremy Williams,031-46-0565,"PSC 6832, Box 4382
APO AA 20436",N,hours
24,Brian Brown,504-11-1981,"283 Wallace Fort Apt. 987
Halebury, NY 02685",Y,hours
25,Zachary Gonzales,857-34-8572,"5583 Moore Lodge
Hammondberg, DE 69003",Y,hours
26,Erik Kent,222-94-6971,"0253 James Course
South Gabriela, MN 02509",Y,hours
27,Phillip Carter,899-34-2252,"904 Michelle Brooks
Ericaburgh, NE 68864",N,miles
28,Robert Le DDS,187-11-6781,"48235 Vaughan Skyway
New Teresafort, GA 69078",N,miles
29,David Palmer,743-21-5927,"18733 Dana Loaf Suite 562
Port Kyleview, AS 98677",N,hours
30,Colleen Jennings,004-76-7038,"717 Richard Villages Suite 993
Laurenshire, NH 01248",N,hours
31,Raymond Young,802-92-0958,"Unit 8222 Box 4653
DPO AA 84552",Y,hours
32,Douglas Taylor,267-50-8063,"39480 Shawn Rapid
West Michael, PR 71222",Y,hours
33,Kristin Valencia,799-71-6026,"963 Yang Harbors Suite 720
Ramseyfort, MN 08693",Y,miles
34,Daisy Fields,310-25-0057,"0867 Hicks Path
Brownburgh, WI 03538",Y,miles
35,Robert Evans,711-02-6904,"62268 Kirby Mission Suite 386
New Jason, MH 58697",N,hours
36,Amy Ward,546-24-1056,"313 Long Plains
New Gregory, WY 26791",Y,hours
37,Amanda Clark,573-98-2669,"4428 Donald Points
Smithburgh, FL 51507",N,miles
38,Madison Fisher,621-65-9552,"08120 Norman Stravenue
Lake Paulmouth, PW 03908",N,hours
39,Mr. Stephen Taylor,434-64-0184,"8030 Matthew Highway
New Matthewland, WA 65155",N,miles
40,Andrew King,622-86-9497,"338 Mendez Fall
Port Donaldburgh, IL 53386",N,hours
41,Angela Walters,568-26-1041,"504 Snyder Springs
South Mariemouth, AR 87307",Y,hours
42,Paul Johnson,065-84-8840,"22671 Jacob Rest Apt. 138
New Edwardchester, NJ 95537",N,miles
43,Joshua Smith,232-36-1683,"035 Douglas Square Suite 921
Maryview, ME 63725",Y,hours
44,Kimberly Stewart,075-44-9142,"6329 Kevin Square
Lake Meredithmouth, PA 55357",Y,miles
45,Jessica Price,518-71-9530,"9166 Douglas Lake Suite 758
Sherrymouth, CT 72817",N,hours
46,Anthony Mathis,542-58-7660,"92405 Jeffery Coves
New Daniellebury, ME 13300",Y,hours
47,Samuel Jensen,541-02-9389,"66890 Alexander Freeway
Melissabury, VT 70904",N,miles
48,Dominique Costa,194-20-3521,"347 Stevens Way
Lake Andrewton, WI 71532",Y,hours
49,Vincent Stone,411-24-2284,"12333 Hart Pine
Schroederfort, PR 31229",Y,hours
50,Philip Mckay,667-36-2024,"205 Marc Alley Suite 471
Romeroside, AZ 11926",N,hours
51,David Gonzalez DDS,149-04-7898,"USS Anderson
FPO AP 64100",N,miles
52,Alan Jones,390-70-3550,"87348 Michael Heights
Christopherville, KS 86912",Y,hours
53,Hannah Bowers,833-51-2839,"724 Wolf Place Apt. 282
Williamfort, IN 08791",N,miles
54,Jasmine Pearson,641-21-8618,"925 Tony Underpass Suite 391
Dominguezmouth, HI 30246",N,hours
55,Adam Skinner,296-10-1894,"8488 Collins Forges
Port Michaelmouth, NV 90258",Y,miles
56,Christopher Sexton,838-32-3860,"94391 Estes Mews Apt. 877
Lake Kennethfort, ND 20688",Y,miles
57,Barbara Floyd,348-27-4041,"846 Hayes Lakes
Port Jessica, DC 24095",N,hours
58,Sabrina Lewis,644-65-3509,"3987 Floyd Hollow Apt. 055
North Richardbury, AL 35451",N,miles
59,Anthony Brown,103-47-7546,"162 Massey Manors Apt. 476
Jacquelineland, NV 93510",Y,hours
60,Sara Ray,307-52-8812,"193 Danielle Plain
Port Kimberly, NJ 90910",Y,miles
61,Zachary Copeland,139-86-5896,"31446 Paula Turnpike
East Ashleyside, FL 78338",N,miles
62,Daniel Donovan,699-44-4684,"58402 Jones Hill Suite 510
East Mark, IN 22131",N,miles
63,Michael Nelson,665-90-8710,"36709 Ayala Overpass
South Stephen, NC 55864",N,hours
64,Mark Powell,049-27-2198,"744 Tiffany Dale Suite 378
West Michael, GU 43644",Y,miles
65,Teresa Nguyen,829-24-6258,"93416 Monica Views
South Josephland, NC 99330",Y,miles
66,Kathryn King,448-60-0909,"25285 Marilyn Burg Apt. 065
Martineztown, NV 25490",Y,hours
67,Morgan Carter,883-34-3107,"944 Nelson Ridges
Port Maryview, FL 91900",Y,hours
68,Samantha Wiggins,848-34-5529,"83288 Suarez Walks
West Corey, WY 47432",Y,hours
69,Eric James,289-39-8315,"0253 Scott Well
Gatesshire, OH 66672",N,hours
70,Crystal Barajas MD,393-27-1313,"07349 Jorge Vista
East Margaret, AS 48924",N,miles
71,Suzanne Flores,257-39-2285,"9789 Jones Row
Maryshire, OK 17907",N,miles
72,Jody Williams,752-29-5386,"47031 Jones Passage
Hortonhaven, VA 07200",Y,miles
73,Denise Garcia,189-83-3711,"46133 Bryan Mountain
Barbarafort, MT 47430",Y,miles
74,Sarah Mullins,589-99-3420,"5516 Green Manors Suite 312
East Jennifer, WA 16249",Y,hours
75,James Kirby,541-79-7018,"478 Bartlett Extensions
South Erictown, WV 73604",Y,hours
76,Dustin Garcia,097-65-8918,"616 Cannon Terrace Apt. 682
Muellerview, MA 55793",Y,hours
77,Adrian Murphy,476-28-9814,"45107 Smith Trace
Juliechester, PA 08516",N,hours
78,Elizabeth Barry,136-74-9050,"389 Jones Branch
Thomasside, MD 02516",N,hours
79,Scott Fuller,522-62-6131,"50341 Chen Center
Gonzalezburgh, OR 23641",N,hours
80,Mrs. Sara Fletcher DDS,844-96-0837,"4336 Lee Forks
Lake Dianefurt, NY 20672",Y,hours
81,Mary Page,681-96-8452,"57969 Tyler Pike Apt. 670
Markborough, CT 06758",N,hours
82,Megan Hawkins,827-44-5623,"660 Taylor Union
Chenfurt, RI 30756",Y,miles
83,Amanda Bell,652-78-5903,"982 Kimberly Harbors
New Kevin, MP 67023",Y,miles
84,Jeffrey Glover,024-27-8637,"01347 Morgan Island
Manuelfort, NH 19839",N,hours
85,Nicholas Andrade,806-39-9047,"6032 Tyler Mountain Apt. 235
Port Kendra, GU 20447",N,miles
86,Melissa Williams,760-06-3622,"USNS Peterson
FPO AA 54108",Y,miles
87,Kimberly Smith,766-25-4114,"58947 Oneill River Suite 441
Vazquezfurt, NY 64896",N,hours
88,Heather Freeman,014-29-8528,"63856 Lambert Key Apt. 840
Lake Karenfurt, ME 47526",Y,hours
89,Nicholas White,365-06-5409,"984 Ryan Parkways Apt. 672
North Sethland, AR 46815",N,hours
90,Scott Miller,729-36-6099,"8477 Kenneth Camp
South Ericaville, MP 66312",Y,miles
91,Edward Mitchell,064-16-9194,"541 Jennifer Summit Apt. 941
Harrismouth, NV 41252",Y,hours
92,Brandi Murillo,486-63-2435,"50158 Miller Lake
New Candaceland, ND 39356",N,hours
93,Charles Barker,119-08-7943,"097 Goodwin Extension Suite 076
Underwoodport, MI 89477",Y,hours
94,Earl Cochran,833-11-0185,"756 Romero Gardens Apt. 648
Lake John, NV 42684",Y,miles
95,David Padilla,342-34-6861,"PSC 0225, Box 0408
APO AP 02778",Y,miles
96,Bryan Ward,668-07-6834,"079 Suzanne Center
Robertshire, AZ 69309",Y,miles
97,Katherine Baker,508-11-9600,"10167 Washington Corners Apt. 014
East Scottberg, TN 45951",Y,hours
98,Tina Taylor,334-14-2696,"15088 Nicole Camp Apt. 039
Robertburgh, MN 63922",Y,miles
99,Gina Watson,167-17-5370,"294 Madden Oval
East Kimberlyside, CA 85072",Y,miles
100,Sarah Daugherty,660-66-3035,"95730 Patrick Prairie
Charleston, AS 75597",Y,hours
101,Elizabeth Parker,601-66-7289,"0311 Allen Trafficway
Port Jose, PW 06504",N,miles
102,Randall Jacobs,167-79-6833,"60957 Joshua Skyway
West Ralphburgh, AL 86493",N,hours
103,Patrick Francis,577-41-5766,"78986 Keller Valleys
Fischerberg, NV 84049",Y,hours
104,Lorraine Graham,044-88-4580,"0668 Hubbard Union
Port Williamborough, MS 72487",N,miles
105,Kenneth Cummings,874-79-9630,"554 Diana Flat Apt. 884
Port Antonio, NE 84129",Y,hours
106,Jesse Quinn,314-84-5565,"015 Moyer Pike Apt. 024
Monicabury, MH 44977",N,hours
107,Monica Charles,898-40-4405,"332 Norton Forges Suite 512
Rubenville, CA 71069",N,miles
108,Richard Stewart,085-63-5900,"634 Sierra Prairie Apt. 132
South Justin, MD 68023",Y,hours
109,Tina Wagner,176-94-0055,"9305 William Stream Suite 400
Lake Christopher, NC 03721",Y,miles
